<?xml version="1.0" encoding="UTF-8" standalone="yes"?>
<profile>
    <profile_id>4588</profile_id>
    <profilename>CC-AutomaticICGRegistration</profilename>
    <firmware>
        <model>IGEL Universal Desktop OS 3</model>
        <version>10.05.500.01</version>
    </firmware>
    <description>Custom Command to register with ICG without user input.</description>
    <overwritesessions>false</overwritesessions>
    <is_master_profile>false</is_master_profile>
    <is_igel_os>true</is_igel_os>
    <settings>
        <pclass name="system.environment_variables.fixvariable%.name">
            <pvalue instancenr="0" variableExpression="" variableSubstitutionActive="false">KEY</pvalue>
            <pvalue instancenr="1" variableExpression="" variableSubstitutionActive="false">ICGADDRESS</pvalue>
            <pvalue instancenr="2" variableExpression="" variableSubstitutionActive="false">STRUCTURETAG</pvalue>
            <pvalue instancenr="3" variableExpression="" variableSubstitutionActive="false">RETRIES</pvalue>
            <pvalue instancenr="4" variableExpression="" variableSubstitutionActive="false">WAIT</pvalue>
            <variableSubstitutionActive>false</variableSubstitutionActive>
        </pclass>
        <pclass name="system.environment_variables.fixvariable%.value">
            <pvalue instancenr="0" variableExpression="" variableSubstitutionActive="false">MyKey</pvalue>
            <pvalue instancenr="1" variableExpression="" variableSubstitutionActive="false">MyICG.my.com</pvalue>
            <pvalue instancenr="2" variableExpression="" variableSubstitutionActive="false">success</pvalue>
            <pvalue instancenr="3" variableExpression="" variableSubstitutionActive="false">3</pvalue>
            <pvalue instancenr="4" variableExpression="" variableSubstitutionActive="false">30s</pvalue>
            <variableSubstitutionActive>false</variableSubstitutionActive>
        </pclass>
        <pclass name="userinterface.rccustom.custom_cmd_net_final">
            <pvalue instancenr="-1" variableExpression="" variableSubstitutionActive="false">cat &amp;lt&amp;lt"EOF" &amp;gt /tmp/icg-autoregister
#!/bin/bash 

DECRYPTKEY=$(getcrypt system.environment_variables.fixvariable0.value)
RUNONCE=$(get system.remotemanager.ums_structure_tag)
ONLINECHECK=$(probeport $ICGADDRESS 8443)

#Logging action
ACTION="icg-autoregister_${1}"
#output to systemlog with ID amd tag
LOGGER="logger -it ${ACTION}"

#Starting script
echo "Starting" | $LOGGER

#start retry loop 
until &amp;lb  $RETRIES -lt 0 &amp;rb; do
    if &amp;lb "$ONLINECHECK" == "Connection successful" &amp;rb; then
        echo "ICG reachable, checking Structure Tag" | $LOGGER
        if &amp;lb  "$RUNONCE" != "$STRUCTURETAG" &amp;rb; then
            echo "Structure Tag is empty, starting ICG registration" | $LOGGER
            REGISTER=$(/sbin/icg-config -s $ICGADDRESS -o $DECRYPTKEY 2&amp;gt&amp;amp1)
            if &amp;lb -n "$REGISTER" &amp;rb; then
                echo "ICG registration failed with message: $REGISTER" | $LOGGER
            else
                echo "ICG registration succsessful, changing Structure Tag" | $LOGGER   
                setparam system.remotemanager.ums_structure_tag $STRUCTURETAG 2&amp;gt&amp;amp1 | $LOGGER
                write_rmsettings 2&amp;gt&amp;amp1 | $LOGGER
                # reboot
            fi
        else
            echo "Structure Tag already up to date (abort)" | $LOGGER
        fi
        exit 1
    else
        echo "ICG at $ICGADDRESS not reachable, waiting" $WAIT "Retries left =" $RETRIES | $LOGGER
        let RETRIES-=1
        sleep $WAIT
    fi
done
EOF
chmod +x /tmp/icg-autoregister
/tmp/icg-autoregister &amp;amp</pvalue>
            <variableSubstitutionActive>false</variableSubstitutionActive>
        </pclass>
    </settings>
    <instancesettings/>
</profile>
